{
  "routineName": "OnePiece",
  "controlPoints": [
    {
      "x": 356.35695275701363,
      "y": 250.42272923816984
    },
    {
      "x": 403.7986130081705,
      "y": 255.08181093424858
    },
    {
      "x": 428.0585529093302,
      "y": 249.84034402616004
    },
    {
      "x": 458.2487003418846,
      "y": 216.06200172958947
    }
  ],
  "actionPoints": [
    {
      "t": 0.999,
      "rotationRadians": -1.0,
      "isStopped": true
    }
  ]
}