{
  "routineName": "SillyPath",
  "controlPoints": [
    {
      "x": 43.673282919843395,
      "y": 288.8601532308191
    },
    {
      "x": 70.08966192332844,
      "y": 7.568095830067875
    },
    {
      "x": 542.8889351081531,
      "y": 283.6186863227306
    },
    {
      "x": 602.7301201976805,
      "y": 41.92882333864817
    }
  ],
  "actionPoints": [
    {
      "t": 0.4789579158316633,
      "rotationRadians": -1.0,
      "isStopped": true
    }
  ]
}